{
  "weights[1][3][3]": -0.8680762052536011,
  "weights[1][3][1]": 0.19500339031219482,
  "biases[1][2][0]": -0.25025391578674316,
  "weights[2][0][0]": -0.6522350311279297,
  "weights[1][0][4]": 0.5499321222305298,
  "weights[2][0][2]": -0.809798002243042,
  "weights[1][0][2]": 0.3471635580062866,
  "weights[1][0][0]": -0.25449585914611816,
  "weights[1][2][0]": -0.14803361892700195,
  "weights[1][2][2]": -0.479461669921875,
  "biases[2][0][0]": 0.36414289474487305,
  "weights[1][2][4]": -0.41572046279907227,
  "biases[1][3][0]": -0.469219446182251,
  "weights[1][1][4]": 0.0833427906036377,
  "weights[1][1][2]": -0.8093684911727905,
  "weights[2][1][2]": 0.07659327983856201,
  "weights[1][1][0]": 0.97314453125,
  "weights[2][1][0]": -0.29724299907684326,
  "weights[1][3][2]": 0.38698601722717285,
  "weights[1][3][0]": -0.5086264610290527,
  "weights[1][3][4]": 0.01255333423614502,
  "weights[1][0][3]": -0.16486001014709473,
  "weights[2][0][1]": 0.9757555723190308,
  "weights[1][0][1]": -0.8358854055404663,
  "biases[1][0][0]": -0.6975889205932617,
  "weights[2][0][3]": -0.303009033203125,
  "weights[1][2][1]": 0.48729002475738525,
  "weights[1][2][3]": -0.6028735637664795,
  "biases[1][1][0]": 0.009773850440979004,
  "weights[2][1][3]": -0.19764065742492676,
  "weights[1][1][3]": -0.7037233114242554,
  "biases[2][1][0]": 0.8198825120925903,
  "weights[2][1][1]": -0.926681399345398,
  "weights[1][1][1]": -0.10590457916259766
}