{
  "weights[1][3][3]": 0.7721651792526245,
  "weights[1][3][1]": 0.5222650766372681,
  "biases[1][2][0]": 0.7782469987869263,
  "weights[2][0][0]": -0.18863070011138916,
  "weights[2][0][2]": -0.9595843553543091,
  "weights[1][0][2]": -0.5183745622634888,
  "weights[1][0][0]": 0.38075876235961914,
  "weights[1][2][0]": -0.4415438175201416,
  "weights[1][2][2]": -0.06848013401031494,
  "biases[2][0][0]": 0.9987599849700928,
  "biases[1][3][0]": 0.543980598449707,
  "weights[1][1][2]": 0.7440823316574097,
  "weights[1][1][0]": -0.40821373462677,
  "weights[1][3][2]": -0.11351585388183594,
  "weights[1][3][0]": -0.8432445526123047,
  "weights[1][0][3]": 0.637873649597168,
  "weights[2][0][1]": 0.04027712345123291,
  "weights[1][0][1]": -0.6623648405075073,
  "biases[1][0][0]": -0.7356842756271362,
  "weights[2][0][3]": -0.5453552007675171,
  "weights[1][2][1]": -0.3032510280609131,
  "weights[1][2][3]": 0.5800235271453857,
  "biases[1][1][0]": -0.8819465637207031,
  "weights[1][1][3]": 0.40937018394470215,
  "weights[1][1][1]": 0.07974255084991455
}