{
  "weights[1][3][3]": -0.23465776443481445,
  "weights[1][3][1]": 0.25311362743377686,
  "biases[1][2][0]": 0.37746214866638184,
  "weights[2][0][0]": 0.0938788652420044,
  "weights[1][0][4]": 0.18373584747314453,
  "weights[2][0][2]": -0.7808024883270264,
  "weights[1][0][2]": 0.0972895622253418,
  "weights[1][0][0]": -0.5225203037261963,
  "weights[1][2][0]": -0.9253031015396118,
  "weights[1][2][2]": 0.8191965818405151,
  "biases[2][0][0]": -0.13662958145141602,
  "weights[1][2][4]": 0.08956348896026611,
  "biases[1][3][0]": -0.9372550249099731,
  "weights[1][1][4]": -0.7460458278656006,
  "weights[1][1][2]": -0.5788578987121582,
  "weights[2][1][2]": 0.9226720333099365,
  "weights[1][1][0]": 0.6941244602203369,
  "weights[2][1][0]": -0.41408228874206543,
  "weights[1][3][2]": -0.34312283992767334,
  "weights[1][3][0]": 0.8508013486862183,
  "weights[1][3][4]": -0.017455458641052246,
  "weights[1][0][3]": 0.4577082395553589,
  "weights[2][0][1]": -0.6969610452651978,
  "weights[1][0][1]": -0.3626430034637451,
  "biases[1][0][0]": 0.8735098838806152,
  "weights[2][0][3]": 0.512555718421936,
  "weights[1][2][1]": 0.06491482257843018,
  "weights[1][2][3]": 0.2235729694366455,
  "biases[1][1][0]": -0.43740618228912354,
  "weights[2][1][3]": -0.6556911468505859,
  "weights[1][1][3]": -0.036855340003967285,
  "biases[2][1][0]": -0.5229878425598145,
  "weights[2][1][1]": -0.5281442403793335,
  "weights[1][1][1]": -0.2480149269104004
}