{
  "weights[1][3][3]": 0.4887911081314087,
  "weights[1][3][1]": 0.06051790714263916,
  "biases[1][2][0]": -0.8526391983032227,
  "weights[2][0][0]": 0.2093513011932373,
  "weights[1][0][4]": 0.22387409210205078,
  "weights[2][0][2]": 0.6489506959915161,
  "weights[1][0][2]": 0.809890866279602,
  "weights[1][0][0]": -0.8128511905670166,
  "weights[1][2][0]": -0.9958616495132446,
  "weights[1][2][2]": 0.255027174949646,
  "biases[2][0][0]": 0.6913611888885498,
  "weights[1][2][4]": 0.12748980522155762,
  "biases[1][3][0]": 0.16233646869659424,
  "weights[1][1][4]": -0.7996273040771484,
  "weights[1][1][2]": 0.8138422966003418,
  "weights[2][1][2]": 0.8213918209075928,
  "weights[1][1][0]": -0.7602517604827881,
  "weights[2][1][0]": 0.988874077796936,
  "weights[1][3][2]": 0.9139013290405273,
  "weights[1][3][0]": -0.8200533390045166,
  "weights[1][3][4]": 0.3306845426559448,
  "weights[1][0][3]": 0.015682339668273926,
  "weights[2][0][1]": -0.8950079679489136,
  "weights[1][0][1]": 0.2815006971359253,
  "biases[1][0][0]": -0.8518636226654053,
  "weights[2][0][3]": -0.46430885791778564,
  "weights[1][2][1]": -0.6009402275085449,
  "weights[1][2][3]": 0.654106855392456,
  "biases[1][1][0]": -0.8081910610198975,
  "weights[2][1][3]": 0.8376021385192871,
  "weights[1][1][3]": -0.7474669218063354,
  "biases[2][1][0]": -0.8002065420150757,
  "weights[2][1][1]": 0.665009617805481,
  "weights[1][1][1]": 0.21651220321655273
}