{
  "weights[1][3][3]": 0.5606445074081421,
  "weights[1][3][1]": 0.33002960681915283,
  "biases[1][2][0]": -0.8138315677642822,
  "weights[2][0][0]": 0.09934675693511963,
  "weights[1][0][4]": 0.511955976486206,
  "weights[2][0][2]": -0.57200026512146,
  "weights[1][0][2]": 0.3723949193954468,
  "weights[1][0][0]": -0.4115995168685913,
  "weights[1][2][0]": -0.9683994054794312,
  "weights[1][2][2]": 0.5279300212860107,
  "biases[2][0][0]": 0.886381983757019,
  "weights[1][2][4]": 0.2497403621673584,
  "biases[1][3][0]": -0.1135706901550293,
  "weights[1][1][4]": -0.9567558765411377,
  "weights[1][1][2]": 0.45702171325683594,
  "weights[2][1][2]": 0.4284783601760864,
  "weights[1][1][0]": 0.7640373706817627,
  "weights[2][1][0]": 0.14621186256408691,
  "weights[1][3][2]": 0.5220953226089478,
  "weights[1][3][0]": -0.7071071863174438,
  "weights[1][3][4]": -0.5250922441482544,
  "weights[1][0][3]": 0.4097479581832886,
  "weights[2][0][1]": 0.5736032724380493,
  "weights[1][0][1]": 0.10722684860229492,
  "biases[1][0][0]": 0.5937000513076782,
  "weights[2][0][3]": -0.6734426021575928,
  "weights[1][2][1]": 0.18506741523742676,
  "weights[1][2][3]": 0.7543102502822876,
  "biases[1][1][0]": -0.28211402893066406,
  "weights[2][1][3]": 0.8577377796173096,
  "weights[1][1][3]": 0.28733742237091064,
  "biases[2][1][0]": 0.11437404155731201,
  "weights[2][1][1]": -0.014511823654174805,
  "weights[1][1][1]": 0.8761156797409058
}