{
  "weights[1][3][3]": 0.5954911708831787,
  "weights[1][3][1]": 0.4627878665924072,
  "biases[1][2][0]": 0.5112730264663696,
  "weights[2][0][0]": -0.3749786615371704,
  "weights[1][0][4]": 0.3789362907409668,
  "weights[2][0][2]": 0.6554136276245117,
  "weights[1][0][2]": -0.7435601949691772,
  "weights[1][0][0]": 0.40549612045288086,
  "weights[1][2][0]": 0.3069884777069092,
  "weights[1][2][2]": -0.884070634841919,
  "biases[2][0][0]": -0.17085230350494385,
  "weights[1][2][4]": 0.12080192565917969,
  "biases[1][3][0]": 0.22007465362548828,
  "weights[1][1][4]": -0.6588561534881592,
  "weights[1][1][2]": -0.44867002964019775,
  "weights[2][1][2]": 0.09877598285675049,
  "weights[1][1][0]": 0.6867462396621704,
  "weights[2][1][0]": -0.6013256311416626,
  "weights[1][3][2]": 0.3473559617996216,
  "weights[1][3][0]": -0.8953462839126587,
  "weights[1][3][4]": -0.061667442321777344,
  "weights[1][0][3]": 0.7912578582763672,
  "weights[2][0][1]": 0.5683085918426514,
  "weights[1][0][1]": -0.973989725112915,
  "biases[1][0][0]": -0.9475237131118774,
  "weights[2][0][3]": -0.9062061309814453,
  "weights[1][2][1]": 0.6451506614685059,
  "weights[1][2][3]": 0.6023212671279907,
  "biases[1][1][0]": -0.9988189935684204,
  "weights[2][1][3]": 0.8754266500473022,
  "weights[1][1][3]": -0.2148134708404541,
  "biases[2][1][0]": -0.6339277029037476,
  "weights[2][1][1]": 0.19415199756622314,
  "weights[1][1][1]": 0.852171778678894
}